{
  "alpha": 1.62029842035845,
  "beta": 0.649161512311548,
  "tau": 0.238023457629606,
  "dr1": 0.902591146861904,
  "dr2": -1.22973007533499
}
