{
  "alpha": 0.914347906503826,
  "beta": 0.532760532665998,
  "tau": 0.194462969712913,
  "dr1": 0.48233569268193,
  "dr2": -1.18085405050905
}
