{
  "alpha": 1.56590260295197,
  "beta": 0.424522612802684,
  "tau": 0.238543553091586,
  "dr1": 1.45269393436665,
  "dr2": -1.99963309593417
}
