{
  "A": [0.955478073504812, 0.992365645620621, -1.71916860320829, -1.65811991142895, -0.643146166725859, -2.60754079554086, -2.84297319840694, 3.48982989034267, -0.576558720406958, -2.61773144023519, -0.138904377399094, -2.4498533508369, 1.6179925220863, -0.984300679350293, 0.905387868733309, 1.99926619186834, 0.934059203871667, 0.752103985555788, 3.4069819076362, -2.07092303579419, 2.65624419898941, -1.18857421864064, 3.22256916513081, -2.22534765587414, -2.92036595878375, 1.46431195593076, -3.22067886426823, 0.664134724699275, 1.52171231275635, -3.70733909774758, 1.58230313851284, -2.56348078532138, -1.55975467679448, 2.87668455659149, -0.469659085878765, 1.22439428220708, -2.91694126620699, 0.48553813578294, -0.634784222890262, 1.71874666464549, 2.68831014204358, 0.631114391057788, 4.09088971624611, -0.364941068320485, -2.96787646908641, 0.794331267466689, 3.13931510804218, 2.54046592322598, -1.74288669077886, 0.721766521429774, 1.83177506356371, 1.14903626480549, -0.970808050946804, 0.031485344869213, 2.02842936443016, 0.116298510599968, 4.53659097618998, 1.41730637523092, 3.14495756980318, 1.77440459450551, -2.82333827887786, 1.60755025584701, -1.10476079023362, 0.851476596952415, -1.5409492854946, -1.25717363693962, -0.0367792958680183, -1.31994825118379, -1.02085732483295, 1.29274085120886, -0.931943238795306, 2.75092061220062, 2.39519913109274, -1.23265956079318, -2.07789252691789, 0.799098973157404, 0.441161740589526, 0.794582178422764, 0.0540594017213026, 2.46814576191297, 0.0612177104541616, -2.72782818474233, 1.80990752760715, -4.13885661108653, 0.425576759397386, 0.248045475020992, 0.107061656803824, 0.660103504350279, 3.32986592288568, -0.60853874308742, -2.82364809036462, 2.84287496324525, -1.3054893671572, -3.34334181983999, -1.74492265740944, 1.67844500295927, -2.33600777994987, 2.17479929073931, 1.71834794168688, -0.210701072329112],
  "S": [-0.327358942216725, -0.843336688482835, 0.372644507353671, 6.82752016797399, -0.239948072855029, -1.20414888071485, -0.0502883109975551, -1.79687260231788, -0.69699994354584, -0.678618711142454, 0.681737688820737, 4.02177726971448, -2.99775988277073, 2.87288716116415, -0.53125094487909, -1.2925760628071, -0.851293338883302, -0.631812948434224, -0.0634987677371505, -1.90068408989037, -0.302880276074427, -1.00467767618361, -2.55640055227286, -1.16337436717455, -0.799903982177883, 1.35753514523412, -0.270560515196819, 0.657176992177032, 2.61427320897854, 3.21220609643741, -0.0952399223230936, 3.76157815965945, 0.339712274908919, 0.938066235937511, -1.3907632392172, 1.08242531752741, -2.97487467847786, 5.2759883973759, 0.139981190163151, -2.76336979831786, 0.672425156542871, -0.518293585978013, 1.03880431336938, 0.94742704971276, 1.54463458730382, 2.03993213771419, 1.32180970148503, -0.657084492631242, -1.00036950164988, -1.80910434572994, -0.315196952181411, -2.54921922131046, -0.743600308081949, -0.061789800877805, 1.60411031138458, -0.751023530824314, -1.61284554649961, -0.874237271591279, -2.3792393790894, 2.36786581690903, -1.97265615190216, -1.97643033795735, 5.55745450231442, 0.642780964472822, -1.3936122721431, 1.83634259589187, -3.13132370531933, 1.4838370549475, -3.04143457640119, 0.506893411951968, -0.00942793406373628, 0.184634507641669, 0.442358200938369, -3.67799578091668, -1.46217866375166, -0.471562614645501, 3.95870827308197, -0.863649600331356, -1.81288987215383, -1.04196626893984, 3.54208342772964, 3.82177145248031, -2.24105499270234, -1.39573753933775, 0.400864190815371, -3.20726331109873, 2.42839185758366, -5.29085580056957, 1.0650296520349, -0.410122101363568, -3.11748864410192, -3.53161515056243, -0.0703364846903349, 0.78303340528102, -2.89239856114916, 2.56296287520079, 1.27200150826942, -1.91821393263367, 0.415173178952642, 0.034486813063728],
  "E": [-0.930307487765664, 1.69409496363, 1.39859025993288, 1.15668296706534, -2.35698190051548, -3.13856568249431, -1.16961351491509, -2.13842216847142, 0.218296881064735, 1.08857002650447, -0.784623013193853, -3.04601754168704, 2.41722098400554, 2.25197046420685, 1.21314417071216, -2.62078926171492, -0.725297920043424, 0.0907094119991838, -0.678590214957712, 3.84963089336689],
  "kappa": [-2.51140103721991, -0.797649193089455, -0.730305574368685, -0.679252001456916]
}
