{
  "A": [0.870050741970891, 1.13959049882396, -0.459154627133743, 1.45564252678849, 1.17998780972271, -0.618514431290334, -0.696734117169479, 2.41201172513802, -0.163528702171655, -0.954698271691119, 1.90116618965703, 0.454363952604899, 2.87707963796041, -0.242800573442231, -1.41239213197638, -1.42770687920008, 0.182420588216195, -0.674409901787502, -0.910229333035329, -1.65777651746893, 0.463459977484703, -1.89428860940537, 2.09593222782113, -3.3794599819057, 3.43615523534471, 1.11581911625765, -1.63906594978736, 0.617651185130686, 0.908528549848586, -1.52196471082028, -1.18395359329803, 2.62076935089726, 2.64481365794235, -0.30467524168665, 0.564779361381681, -0.542515125423664, -3.97732255589217, 0.000324015388762807, -2.50559800905263, 1.78023852680435, 1.03566300415658, 0.388195525655568, 2.2923925129756, -2.66186128872771, -1.88293136475772, 0.0175439802579539, -1.51351724443041, -1.62844286610042, 3.13449519679476, 0.312619245324027, 2.82329376376856, 1.81098455405867, -1.94302571274868, 0.14156804266491, -0.371102055749553, 1.26592226646565, 2.31499342756508, 2.76997871133589, 2.84635060709639, -0.0652316499074693, -0.726961712362595, -5.30805080039321, 2.02256267145998, 1.98201169979623, -0.968768911616223, 3.4081361020686, 3.14425130561332, -0.269702554883251, -0.63372573916466, 2.08758213736583, 2.77807343346763, -0.835230194642934, 1.86532496754807, -1.84702980756249, -0.480197662366942, 2.26109495329804, 2.69834898007165, -0.496019123226671, -1.83045474565441, -2.31763833099674, 1.872800734332, -3.01796065734665, 3.04572225579261, -1.6795488655224, -0.969854359458916, 1.67302354000985, -1.31633435289383, 1.23751636098038, 1.92284066172488, -2.02181953546118, 2.32533619234415, 0.292826482787377, 0.0506208607409463, 3.38828278673673, -2.37637902649202, -1.14541239937754, 1.1787464345109, 1.07293577293823, 1.40889473673024, 1.06756031036671],
  "S": [1.72916870256372, -3.62376556490307, -2.76614408369318, 3.27231047718559, -2.82194191724764, -1.5764655356851, -0.398244152120893, 1.32123943886871, -1.45021133855307, 1.47190606609908, 1.02891493992733, 0.190582571765959, 2.59122483295305, 1.84085079917591, -1.364055115865, -0.599126806835008, 1.13621606525336, 4.02617251202413, -1.02858917933917, 1.73557095101205, 2.05292387428868, 1.37243843963392, -0.884870253296371, 1.44134295086931, -3.02973455344956, -4.4552791757691, 2.39561827107909, -2.69803830314166, -0.718764813699465, -0.117660929216785, 0.724062251045789, 1.89093551018321, 2.93629325578164, -0.309430849315295, -0.562931812540379, 1.54065707952974, -0.00800651480406635, 4.38705071109445, 2.01335580475951, -1.34361571971607, -2.38183061249905, -1.50454804453989, 1.02828616030701, -1.99835617668457, -0.923248271349268, 0.572546984776013, 1.59415100738156, 1.24753354994813, -0.0398520689416384, 2.50094398282503, 2.48520605970367, 0.42398228122404, 3.05484796291697, -1.19732517517766, 2.98398222503054, -1.46252729928854, 3.51965912813888, -0.362564534433447, -1.76568770998709, 0.198826949180352, -1.91144517446339, -1.19300422144199, -2.99294101931257, 2.18457039349013, 0.575229288002616, 0.999018883965929, 1.36852638358856, 1.25211987316074, 0.782875728172991, -1.24239447931272, 2.03614840237944, -1.59188566418025, 4.67532306105344, -0.647398657984611, -0.781635764035882, -0.143705366033809, 0.527764033377071, -3.1768388345991, 3.14539340908913, 0.909034566774702, 0.88556956524364, 0.522013733849203, 1.57861264293227, -0.813063402496925, 2.73596287292715, -4.70127280353706, 2.16623047032885, 0.258550935613815, -2.40927401771506, 0.317009425198922, -4.99477941827611, -1.01745110641595, 0.946091528080554, -0.417573246603582, 0.624845750502772, 1.66622801647622, -0.272132345482716, 0.772220017425, 0.659789755085006, 1.1733282263691],
  "E": [-0.745035914108759, 0.0664020797140061, 1.82084251428061, -1.65732751049079, -0.400144769367614, -0.495770401411376, -2.47033839112784, -0.0488363170692243, -3.48141668619034, 1.91341793756832, 1.04497722317489, 0.472584117451867, 0.713809224210444, -3.11267960684553, -2.01575464956895, 0.799038533724927, -1.48389744861824, 1.02075554522479, 0.0566106215123832, 0.684240222547249],
  "kappa": [-0.563535304740071, 0.214547619223595, 1.69987590098754, 2.0566897764802]
}
