{
  "A": [2.13117889362366, 2.03158686308413, -2.44188892203047, 0.801971386311945, 2.28268893849436, -0.751567195302057, -0.482879787117348, -0.639091013400818, 2.28738567259298, 1.34937698679372, -1.1674922507403, 1.31135575617151, 2.97609426605048, 3.62348278993398, -3.42387624779258, 1.24644639490087, -3.17599037817629, -4.31723514325123, -1.27025970354067, 2.96692316900404, -0.112318866847693, -1.69288096918677, 3.08158740708854, -4.25991692044247, 0.454032692785132, -0.110929342316855, -0.351549685299666, -0.0477307128477598, -3.06007918816679, 1.48804414685639, 0.405205430161375, 2.51731473921244, 0.996431259926475, -1.24404418215814, -0.256489548548846, -1.24477208729885, -3.49350215726517, 2.08248255889457, -2.63055300096373, 0.289603194349315, -1.84235304294491, 2.06269140743126, 1.31228195850264, 0.434426641495238, -0.0681927232672708, 2.6549989165102, -0.608257062707107, -2.79347309222966, -0.4223086690373, 0.585705828004565, 3.1127803300255, -2.4656112628221, 2.55706773774031, -5.47424498282728, 1.58931682375444, -1.91599753556799, 1.42935463600148, 1.21353295216641, -0.679972902946507, 0.735003453242826, -1.98790238048008, 1.37588755899762, -0.244208385099947, -4.09581346037549, -3.51321224955138, -6.36775908031976, -0.078902305075718, -1.71087437423301, -4.21793353371831, -0.516768176446964, 0.191410200433048, 3.29337768317486, -0.262747384876012, 2.93650150357094, 0.780959230012655, 5.30677197851315, 0.941489191696057, 0.11348062094762, 0.269263016604791, -0.910024647990078, -0.0806173142091693, 0.0260726786736126, -1.60237578668421, 0.964571183565976, -2.16614426787873, 1.78034893946528, 0.728549341936954, -0.690237355441768, 0.0598776315537008, -3.68250537343155, 0.13871609523534, -0.70556917336775, 0.215941110786061, 4.2556904328086, -2.5415978073083, 2.27402472149537, 1.59049201132825, -1.84137211656134, -0.0737744507520152, 0.723046422571356],
  "S": [-0.129864257430096, -0.781347433206305, 0.974956641040727, 1.07366629751095, -0.463382815061262, -1.34619910829069, -3.10955299885667, 2.22235977997999, 3.2515380951033, 3.67406617687286, 1.73236561441236, -0.392039789140967, -4.12311295467004, -0.920509993451669, -0.466558344651574, 0.303068404559202, 1.33474853318664, -0.856602555260137, -1.18272862466357, -0.843279391795426, -2.15869837992233, 0.443283863253141, -2.95631253935089, -2.29657749271066, 0.146201634430944, 2.26226049184477, 1.00663296371916, -1.29456563382313, -0.614995130843077, 4.80081006591968, 0.53735820137045, 0.37998273796627, 0.21608848498425, -0.926530001231893, 0.101445861325112, 1.25044308597939, 0.647767202890126, -0.0614126598890011, -1.39735307643913, 2.44169823221414, 1.89633872067625, -1.48049141590624, -2.28639563622657, -3.13731501136189, -0.198450019945113, 0.0965746023324716, 0.439604574399142, 0.19233579407929, -1.96552460747084, 0.407156415775572, 1.94320915724277, 0.769233715447032, -0.268729248404636, 1.74296138080454, 0.0600511933240287, -0.792991551400465, 2.02653960899896, -2.9354610276694, -2.98120970299738, 2.94480608272226, -2.7638340488871, 2.7969309368779, 2.75723201893424, -1.87070648623709, -0.689086659591373, 0.907511666927598, -0.401205051049042, -0.112198780696317, 2.90074910991889, -3.02194212672834, 2.10356925505384, 1.07942435855418, 1.15535441911541, -1.00187933228684, -0.28627191315629, -1.68421915103127, -0.991251766421274, 0.0130320525407458, -0.443328791471773, 1.48291994487704, -4.34729583019099, 0.325365769067731, -3.5686794358194, 0.000249353894746411, -0.0349004790955409, 0.686010458607691, -1.18749213552793, -1.10550951412105, 0.290835775481607, -1.18511776205557, 3.00249750049346, -1.92091092405825, 2.01107147418032, -1.57067333153218, 0.966742233590791, 1.14813654225647, 0.639618232297053, -1.33115113059881, -1.62149875373828, -1.02789158976415],
  "E": [-2.23450127176604, -0.796103676659183, 1.02196267577054, 0.369125504815974, 0.993935001109455, -2.09747262284924, -0.321306116204865, 1.42901661932183, 1.81502720295981, -3.58641609609169, -1.91912374859227, 0.252995318709161, -2.23400897110781, -2.80309804214883, -2.80410502342089, -0.260181174643563, -0.932972562524035, 0.151988500526904, 0.599086470673413, -1.88340316808368],
  "kappa": [-0.706736774649471, -0.264176957309246, 1.85516421915963, 2.89639454288408]
}
