{
  "A": [0.832715196686324, -0.829917896193871, -0.545812773264063, 0.631042413019137, 2.08440608882123, 1.55337271922948, -3.6064949975779, -1.72159632054511, 1.17932886146007, 0.211303068570591, 0.607216932158558, -0.50798803506402, 1.6145786756252, 1.3707494181891, -1.14458151053612, 1.09821992375695, -0.485988100309819, 0.406763215360809, -0.166294929721574, 0.84401915543705, -0.32824549124912, 1.63733008724149, -1.53835641712254, 0.560201532742765, -1.95301816136399, 0.15733014983931, 1.67108312375738, 2.64917517847095, 1.28689328424911, 0.449697395205343, 0.703106425145411, 0.49851532855338, -1.80693878280182, 2.60822138673038, 1.43267543946915, -1.58498421749212, 0.13346050906291, 0.818243868303859, -0.934324847033872, 1.44517047595363, -3.57255946421712, 2.88134825729596, -0.538775389620968, -3.33480844495235, 0.73509068582994, 0.234058482770595, 0.789823397905863, 0.549380912385909, 0.482457364880382, -0.139204136497086, -1.69973097820958, 0.132276207471448, -2.53542810703075, -1.93644857339026, 0.0861940243848416, -1.4451008752652, 3.00808117179526, 0.611848532649373, -0.0176590105403278, -1.82306196192438, 1.46503951323276, -0.334820876346973, -2.76333588147047, 0.978035897106627, 0.648196889941435, 1.28153773644456, 1.92765790427848, 2.18661178577186, -1.4237280548798, 0.442008033959874, 1.1288267886638, 3.78507471790365, -3.72499799884241, 1.79937442212035, 1.18498643567194, 3.62204866299188, -0.51608381188511, -2.23398294627309, -0.74498983826032, -0.681991496277778, 2.59833963857435, 2.23383677502086, 1.99281484879921, 1.62766275638585, -1.05310865609083, -2.67040760313691, -1.96067400645319, 1.10047489153443, 0.233023481522626, 0.135558003992579, -1.9605140410073, -0.33153965104644, 2.61278037924469, -0.432304654428544, -3.1006010332008, -2.68388428616486, -0.709973091175282, -1.11816789520854, 0.556217132365428, -2.08403559978972],
  "S": [0.41677576513051, -2.52837360710873, -2.13558007285687, 0.280436574708284, -2.89594894581862, 0.347209566158653, 1.86900551329009, 2.29527926603751, 2.09695327669218, 0.21136897066565, 3.73746295581727, -0.128236007207201, 0.96964647579706, -2.31649234110617, -3.31282086439295, 0.609180947184856, -1.92026949182328, -1.30940686856695, -2.86075335629199, -1.57224448307634, -3.39285062646583, -1.09594958711806, 0.213117209575058, 1.09695284360675, 2.35584726619161, -4.34713047306457, 1.98592512219179, 2.25724727642219, -1.67601672345682, -1.09672574709058, -2.99863519053285, -1.42070336056975, -1.97736508135216, 1.75930786707585, -2.04099666945949, 2.3136411297654, 1.13632770188613, 1.7129453846326, -2.88277532890749, -4.33861567911271, 1.40252594872393, -2.03173256706768, 1.33573206689407, 1.92841597588836, -3.46656172117527, 0.190656997043691, -1.10405163725707, -2.24267549846246, 0.338072191769615, 0.95681923830456, -1.81006940952932, -0.359694156409075, -0.369998096432352, -3.22675354147003, 1.66608037792272, -1.15121830808177, 0.713848751312743, -1.68587685072176, 0.453436985062597, -4.61416374646963, 0.478354964482982, -3.45042030415582, 0.100075069683292, -1.24490922617948, -3.75516722867269, -2.224622722117, -3.30513597422609, 0.068793096290296, 1.87164944136688, -1.93573685694351, 1.77978232659472, 0.707295102840926, 0.882577140862072, -0.731974024803195, 0.0331720922065818, -2.9494552276648, -2.32223910488709, 1.74458212218504, 0.826146627544057, 3.14153160617007, 0.834310290110634, 3.09356154168109, 1.00334696153959, 0.459625603425542, -2.75549884608954, 2.91557266710236, -2.2784006541518, -0.00984285470014465, -3.03399463662508, -3.20419841529633, -1.0380886317479, 5.74833545711368, -2.51902234887964, 4.04295439277391, -2.80247016378607, -0.56005906159862, -1.27187102231734, -1.32490000302568, -0.402045808789735, 0.694148794693397],
  "E": [-0.661982778488087, -2.94148789632111, -0.216219717681436, 1.62192463164731, -4.01389420903884, 0.341095289104141, -1.63756747559691, -0.686037134669692, -1.87462857251135, -0.132108462185125, 0.313097850612057, -1.03680142217179, -0.508858886567156, -1.42113318330975, 2.26813781965539, -2.65529268800217, -1.14839212929202, -2.46681321984635, -1.44755707850626, 2.02751007168739],
  "kappa": [-1.65133251389489, -0.560499069280922, 1.16055991128087, 1.81244191015139]
}
