{
  "alpha": 0.969557748362422,
  "beta": 0.338462376222014,
  "tau": 0.240574782295153,
  "dr1": 2.74491494517133,
  "dr2": -0.711720639796521
}
