{
  "zA": [0.477739036752406, 0.496182822810311, -0.859584301604146, -0.829059955714477, -0.32157308336293, -1.30377039777043, -1.42148659920347, 1.74491494517133, -0.288279360203479, -1.30886572011759, -0.0694521886995468, -1.22492667541845, 0.808996261043148, -0.492150339675146, 0.452693934366654, 0.999633095934169, 0.467029601935833, 0.376051992777894, 1.7034909538181, -1.0354615178971, 1.3281220994947, -0.594287109320319, 1.61128458256541, -1.11267382793707, -1.46018297939188, 0.732155977965378, -1.61033943213412, 0.332067362349637, 0.760856156378176, -1.85366954887379, 0.79115156925642, -1.28174039266069, -0.779877338397242, 1.43834227829574, -0.234829542939382, 0.612197141103538, -1.4584706331035, 0.24276906789147, -0.317392111445131, 0.859373332322746, 1.34415507102179, 0.315557195528894, 2.04544485812306, -0.182470534160242, -1.4839382345432, 0.397165633733345, 1.56965755402109, 1.27023296161299, -0.871443345389431, 0.360883260714887, 0.915887531781856, 0.574518132402746, -0.485404025473402, 0.0157426724346065, 1.01421468221508, 0.0581492552999839, 2.26829548809499, 0.70865318761546, 1.57247878490159, 0.887202297252755, -1.41166913943893, 0.803775127923504, -0.552380395116808, 0.425738298476208, -0.770474642747301, -0.628586818469812, -0.0183896479340092, -0.659974125591895, -0.510428662416474, 0.646370425604432, -0.465971619397653, 1.37546030610031, 1.19759956554637, -0.61632978039659, -1.03894626345894, 0.399549486578702, 0.220580870294763, 0.397291089211382, 0.0270297008606513, 1.23407288095648, 0.0306088552270808, -1.36391409237117, 0.904953763803577, -2.06942830554326, 0.212788379698693, 0.124022737510496, 0.0535308284019121, 0.33005175217514, 1.66493296144284, -0.30426937154371, -1.41182404518231, 1.42143748162262, -0.6527446835786, -1.67167090992, -0.872461328704721, 0.839222501479633, -1.16800388997493, 1.08739964536966, 0.859173970843439, -0.105350536164556],
  "zS": [-0.163679471108362, -0.421668344241417, 0.186322253676836, 3.41376008398699, -0.119974036427515, -0.602074440357423, -0.0251441554987776, -0.898436301158939, -0.34849997177292, -0.339309355571227, 0.340868844410369, 2.01088863485724, -1.49887994138537, 1.43644358058208, -0.265625472439545, -0.646288031403552, -0.425646669441651, -0.315906474217112, -0.0317493838685752, -0.950342044945184, -0.151440138037213, -0.502338838091805, -1.27820027613643, -0.581687183587277, -0.399951991088942, 0.678767572617061, -0.135280257598409, 0.328588496088516, 1.30713660448927, 1.6061030482187, -0.0476199611615468, 1.88078907982972, 0.16985613745446, 0.469033117968756, -0.695381619608598, 0.541212658763704, -1.48743733923893, 2.63799419868795, 0.0699905950815756, -1.38168489915893, 0.336212578271435, -0.259146792989007, 0.519402156684691, 0.47371352485638, 0.77231729365191, 1.01996606885709, 0.660904850742514, -0.328542246315621, -0.500184750824938, -0.904552172864968, -0.157598476090706, -1.27460961065523, -0.371800154040974, -0.0308949004389025, 0.802055155692291, -0.375511765412157, -0.806422773249807, -0.437118635795639, -1.1896196895447, 1.18393290845452, -0.986328075951078, -0.988215168978673, 2.77872725115721, 0.321390482236411, -0.69680613607155, 0.918171297945937, -1.56566185265967, 0.741918527473752, -1.5207172882006, 0.253446705975984, -0.00471396703186814, 0.0923172538208345, 0.221179100469185, -1.83899789045834, -0.731089331875829, -0.235781307322751, 1.97935413654098, -0.431824800165678, -0.906444936076915, -0.520983134469922, 1.77104171386482, 1.91088572624015, -1.12052749635117, -0.697868769668875, 0.200432095407686, -1.60363165554937, 1.21419592879183, -2.64542790028479, 0.532514826017448, -0.205061050681784, -1.55874432205096, -1.76580757528122, -0.0351682423451675, 0.39151670264051, -1.44619928057458, 1.2814814376004, 0.636000754134709, -0.959106966316835, 0.207586589476321, 0.017243406531864],
  "zE": [-0.465153743882832, 0.847047481814998, 0.699295129966441, 0.578341483532669, -1.17849095025774, -1.56928284124715, -0.584806757457543, -1.06921108423571, 0.109148440532367, 0.544285013252236, -0.392311506596927, -1.52300877084352, 1.20861049200277, 1.12598523210343, 0.60657208535608, -1.31039463085746, -0.362648960021712, 0.0453547059995919, -0.339295107478856, 1.92481544668345],
  "muA": -0.2876918127438,
  "muS": -1.39549601742002,
  "muE": 0.435025370985446,
  "sigmaA": 0.56979524941198,
  "sigmaS": 0.727821263394246,
  "sigmaE": 0.589993904861353,
  "kappa": [-1.25924677820876, -0.817306403070688, -0.728622361086309, 0.943822760134935]
}
