{
  "zA": [1.20600586256901, -0.0817643510858274, -0.47734913584556, 0.950583094828513, 0.22718197630245, 1.43853981898021, -0.121400286721116, -0.706196065988188, -0.713853439600041, 0.0912102941080975, -0.337204950893751, -0.455114666517665, -0.828888258734467, 0.231729988742352, -0.947144304702687, 1.04796611391057, -1.68972999095285, 1.71807761767236, 0.557909558128824, -0.819532974893678, 0.308825592565343, 0.454264274924293, -0.760982355410141, -0.591976796649015, 1.31038467544863, 1.32240682897117, -0.152337620843325, 0.28238968069084, -0.271257562711832, -1.98866127794609, 0.000162007694381403, -1.25279900452631, 0.890119263402176, 0.51783150207829, 0.194097762827784, 1.1461962564878, -1.33093064436386, -0.941465682378858, 0.00877199012897693, -0.756758622215206, -0.81422143305021, 1.56724759839738, 0.156309622662013, 1.41164688188428, 0.905492277029336, -0.971512856374342, 0.0707840213324552, -0.185551027874777, 0.632961133232827, 1.15749671378254, 1.38498935566794, 1.42317530354819, -0.0326158249537346, -0.363480856181298, -2.65402540019661, 1.01128133572999, 0.991005849898114, -0.484384455808112, 1.7040680510343, 1.57212565280666, -0.134851277441625, -0.31686286958233, 1.04379106868292, 1.38903671673381, -0.417615097321467, 0.932662483774036, -0.923514903781245, -0.240098831183471, 1.13054747664902, 1.34917449003582, -0.248009561613335, -0.915227372827203, -1.15881916549837, 0.936400367166, -1.50898032867332, 1.52286112789631, -0.839774432761198, -0.484927179729458, 0.836511770004926, -0.658167176446916, 0.61875818049019, 0.96142033086244, -1.01090976773059, 1.16266809617207, 0.146413241393689, 0.0253104303704732, 1.69414139336837, -1.18818951324601, -0.57270619968877, 0.589373217255449, 0.536467886469117, 0.704447368365119, 0.533780155183354, 0.86458435128186, -1.81188278245154, -1.38307204184659, 1.63615523859279, -1.41097095862382, -0.788232767842548, -0.199122076060447],
  "zS": [0.660619719434353, -0.725105669276534, 0.735953033049542, 0.514457469963667, 0.0952912858829797, 1.29561241647653, 0.920425399587957, -0.682027557932501, -0.299563403417504, 0.568108032626681, 2.01308625601207, -0.514294589669585, 0.867785475506026, 1.02646193714434, 0.686219219816958, -0.442435126648185, 0.720671475434657, -1.51486727672478, -2.22763958788455, 1.19780913553955, -1.34901915157083, -0.359382406849733, -0.0588304646083926, 0.362031125522894, 0.945467755091603, 1.46814662789082, -0.154715424657647, -0.281465906270189, 0.770328539764871, -0.00400325740203317, 2.19352535554722, 1.00667790237975, -0.671807859858035, -1.19091530624952, -0.752274022269945, 0.514143080153505, -0.999178088342284, -0.461624135674634, 0.286273492388007, 0.797075503690779, 0.623766774974065, -0.0199260344708192, 1.25047199141252, 1.24260302985184, 0.21199114061202, 1.52742398145849, -0.598662587588831, 1.49199111251527, -0.731263649644268, 1.75982956406944, -0.181282267216724, -0.882843854993547, 0.0994134745901758, -0.955722587231695, -0.596502110720995, -1.49647050965629, 1.09228519674507, 0.287614644001308, 0.499509441982964, 0.68426319179428, 0.62605993658037, 0.391437864086496, -0.62119723965636, 1.01807420118972, -0.795942832090124, 2.33766153052672, -0.323699328992306, -0.390817882017941, -0.0718526830169043, 0.263882016688535, -1.58841941729955, 1.57269670454456, 0.454517283387351, 0.44278478262182, 0.261006866924602, 0.789306321466137, -0.406531701248462, 1.36798143646358, -2.35063640176853, 1.08311523516443, 0.129275467806908, -1.20463700885753, 0.158504712599461, -2.49738970913806, -0.508725553207974, 0.473045764040277, -0.208786623301791, 0.312422875251386, 0.833114008238111, -0.136066172741358, 0.3861100087125, 0.329894877542503, 0.586664113184549, -0.37251795705438, 0.033201039857003, 0.910421257140303, -0.828663755245394, -0.200072384683807, -0.247885200705688, -1.23516919556392],
  "zE": [-0.0244181585346121, -1.74070834309517, 0.95670896878416, 0.522488611587446, 0.236292058725933, 0.356904612105222, -1.55633980342277, -1.00787732478447, 0.399519266862463, -0.741948724309122, 0.510377772612395, 0.0283053107561916, 0.342120111273625, -0.237646991089982, 0.0897522243129632, 1.06558944681183, 1.01579343154206, -1.22094446101523, 0.400985693155972, 1.14134446924718],
  "muA": -0.375783597651029,
  "muS": -0.241439893558674,
  "muE": -0.319545506700409,
  "sigmaA": 1.14369283629649,
  "sigmaS": 0.674688493396862,
  "sigmaE": 0.655677878085753,
  "kappa": [-2.94399196933955, 1.00000743661076, 2.58978463942185, 2.78992149699479]
}
