{
  "zA": [-1.71193812389629, 0.623223197450436, -1.58799518908815, -2.15861757162561, -0.635129851770335, 1.48346158450202, -0.0561594334238463, -0.846440484593386, 1.54079370354427, -2.12995846022123, 0.227016346392566, -0.0554646711584273, -0.175774842649833, -0.0238653564238799, -1.5300395940834, 0.744022073428196, 0.202602715080687, 1.25865736960622, 0.498215629963237, -0.622022091079072, -0.128244774274423, -0.622386043649425, -1.74675107863259, 1.04124127944728, -1.31527650048187, 0.144801597174657, -0.921176521472455, 1.03134570371563, 0.65614097925132, 0.217213320747619, -0.0340963616336354, 1.3274994582551, -0.304128531353554, -1.39673654611483, -0.21115433451865, 0.292852914002283, 1.55639016501275, -1.23280563141105, 1.27853386887016, -2.73712249141364, 0.794658411877219, -0.957998767783993, 0.714677318000741, 0.606766476083206, -0.339986451473253, 0.367501726621413, -0.993951190240038, 0.687943779498811, -0.122104192549974, -2.04790673018775, -1.75660612477569, -3.18387954015988, -0.039451152537859, -0.855437187116503, -2.10896676685916, -0.258384088223482, 0.0957051002165239, 1.64668884158743, -0.131373692438006, 1.46825075178547, 0.390479615006328, 2.65338598925658, 0.470744595848028, 0.05674031047381, 0.134631508302395, -0.455012323995039, -0.0403086571045846, 0.0130363393368063, -0.801187893342106, 0.482285591782988, -1.08307213393937, 0.890174469732641, 0.364274670968477, -0.345118677720884, 0.0299388157768504, -1.84125268671578, 0.0693580476176698, -0.352784586683875, 0.107970555393031, 2.1278452164043, -1.27079890365415, 1.13701236074769, 0.795246005664127, -0.920686058280669, -0.0368872253760076, 0.361523211285678, -0.0649321287150482, -0.390673716603153, 0.487478320520364, 0.536833148755473, -0.231691407530631, -0.673099554145345, -1.55477649942834, 1.11117988999, 1.62576904755165, 1.83703308843643, 0.866182807206182, -0.196019894570484, -2.06155647733502, -0.460254996725834],
  "zS": [-0.233279172325787, 0.151534202279601, 0.667374266593319, -0.428301277630068, -0.591364312331786, -0.421639695897713, -1.07934918996116, 0.221641931626571, -1.47815626967545, -1.14828874635533, 0.073100817215472, 1.13113024592239, 0.503316481859578, -0.647282816911567, -0.307497565421539, 2.40040503295984, 0.268679100685225, 0.189991368983135, 0.108044242492125, -0.463265000615946, 0.0507229306625558, 0.625221542989696, 0.323883601445063, -0.0307063299445006, -0.698676538219564, 1.22084911610707, 0.948169360338127, -0.740245707953122, -1.14319781811328, -1.56865750568095, -0.0992250099725563, 0.0482873011662358, 0.219802287199571, 0.0961678970396448, -0.982762303735421, 0.203578207887786, 0.971604578621384, 0.384616857723516, -0.134364624202318, 0.871480690402269, 0.0300255966620143, -0.396495775700233, 1.01326980449948, -1.4677305138347, -1.49060485149869, 1.47240304136113, -1.38191702444355, 1.39846546843895, 1.37861600946712, -0.935353243118546, -0.344543329795686, 0.453755833463799, -0.200602525524521, -0.0560993903481583, 1.45037455495945, -1.51097106336417, 1.05178462752692, 0.539712179277089, 0.577677209557707, -0.500939666143419, -0.143135956578145, -0.842109575515634, -0.495625883210637, 0.00651602627037291, -0.221664395735887, 0.74145997243852, -2.1736479150955, 0.162682884533865, -1.7843397179097, 0.000124676947373205, -0.0174502395477705, 0.343005229303846, -0.593746067763967, -0.552754757060526, 0.145417887740804, -0.592558881027783, 1.50124875024673, -0.960455462029124, 1.00553573709016, -0.78533666576609, 0.483371116795395, 0.574068271128234, 0.319809116148527, -0.665575565299406, -0.81074937686914, -0.513945794882073, -1.11725063588302, -0.398051838329591, 0.510981337885271, 0.184562752407987, 0.496967500554728, -1.04873631142462, -0.160653058102432, 0.714508309660915, 0.907513601479907, -1.79320804804584, -0.959561874296136, 0.126497659354581, -1.11700448555391, -1.40154902107441],
  "zE": [-1.40205251171045, -0.130090587321782, -0.466486281262018, 0.0759942502634522, 0.299543235336707, -0.941701584041839, -0.110590586631839, 2.11376735298324, 0.416357598343162, -0.414958948096935, -0.272906386632031, 0.315521206509569, 1.04220304441061, 0.776686359614738, -1.80324749878895, -0.860798160272555, 0.589664430730033, 0.105651534285295, 0.303608466079279, -0.25399401753201],
  "muA": 0.807289337812602,
  "muS": 0.685374709094552,
  "muE": -0.572290755268059,
  "sigmaA": 0.549109961878475,
  "sigmaS": 0.203381607680405,
  "sigmaE": 0.422009577718525,
  "kappa": [-2.75277988566086, -0.391096451785415, -0.142468462698162, 1.76106739975512]
}
