{
  "zA": [-0.769178208561268, 0.280100766371382, -0.976509080681997, 0.0786650749196551, 0.83554156187869, 1.32458758923548, 0.643446642124554, 0.224848697602671, 0.351553212572706, 0.24925766427669, -0.903469391400911, 1.30411069336519, 0.716337719734576, -0.792492108746062, 0.0667302545314549, 0.40912193415193, -0.467162423516936, 0.722585237976813, -1.78627973210856, 1.44067412864798, -0.269387694810484, -1.66740422247617, 0.36754534291497, 0.117029241385297, 0.394911698952931, 0.274690456192955, 0.241228682440191, -0.0696020682485431, -0.849865489104791, 0.0661381037357238, -1.26771405351538, -0.968224286695128, 0.0430970121924208, -0.7225504376326, 1.50404058589763, 0.305924266324687, -0.00882950527016388, -0.911530980962188, 0.732519756616378, -0.167410438173486, -1.38166794073524, 0.489017948553313, 0.324098444970718, 0.64076886822228, 0.963828952139241, 1.09330589288593, -0.7118640274399, 0.221004016979937, 0.5644133943319, 1.89253735895182, -1.8624989994212, 0.899687211060173, 0.592493217835968, 1.81102433149594, -0.258041905942555, -1.11699147313654, -0.37249491913016, -0.340995748138889, 1.29916981928718, 1.11691838751043, 0.996407424399606, 0.813831378192927, -0.526554328045415, -1.33520380156845, -0.980337003226597, 0.550237445767215, 0.116511740761313, 0.0677790019962896, -0.98025702050365, -0.16576982552322, 1.30639018962235, -0.216152327214272, -1.5503005166004, -1.34194214308243, -0.354986545587641, -0.559083947604272, 0.278108566182714, -1.04201779989486, 0.208387882565255, -1.26418680355437, -1.06779003642844, 0.140218287354142, -1.44797447290931, 0.173604783079326, 0.934502756645045, 1.14763963301876, 1.04847663834609, 0.105684485332825, 1.86873147790864, -0.0641180036036005, 0.48482323789853, -1.15824617055309, -1.65641043219648, 0.304590473592428, -0.960134745911638, -0.654703434283475, -1.430376678146, -0.786122241538169, -1.69642531323292, -0.547974793559029],
  "zS": [0.106558604787529, 0.548476421803377, 1.1779236330958, -2.17356523653229, 0.992962561095893, 1.1286236382111, -0.838008361728409, -0.548362873545288, -1.49931759526643, -0.710351680284874, -0.98868254067608, 0.879653933537925, -1.02049833472974, 1.1568205648827, 0.568163850943064, 0.856472692316302, -1.44138766445375, -2.16930783955635, 0.701262974361966, -1.01586628353384, 0.667866033447033, 0.964207987944182, -1.73328086058764, 0.0953284985218454, -0.552025818628534, -1.12133774923123, 0.169036095884808, 0.47840961915228, -0.905034704764659, -0.179847078204538, -0.184999048216176, -1.61337677073502, 0.83304018896136, -0.575609154040884, 0.356924375656371, -0.84293842536088, 0.226718492531298, -2.30708187323482, 0.239177482241491, -1.72521015207791, 0.0500375348416459, -0.622454613089741, -1.87758361433635, -1.1123113610585, -1.65256798711305, 0.034396548145148, 0.935824720683441, -0.967868428471754, 0.889891163297361, 0.353647551420463, 0.441288570431036, -0.365987012401598, 0.0165860461032909, -1.4747276138324, -1.16111955244355, 0.872291061092519, 0.413073313772028, 1.57076580308504, 0.417155145055317, 1.54678077084054, 0.501673480769797, 0.229812801712771, -1.37774942304477, 1.45778633355118, -1.1392003270759, -0.00492142735007232, -1.51699731831254, -1.60209920764816, -0.519044315873952, 2.87416772855684, -1.25951117443982, 2.02147719638696, -1.40123508189303, -0.28002953079931, -0.635935511158672, -0.662450001512842, -0.201022904394868, 0.347074397346699, -0.330991389244043, -1.47074394816055, -0.108109858840718, 0.810962315823655, -2.00694710451942, 0.17054764455207, -0.818783737798456, -0.343018567334846, -0.937314286255673, -0.0660542310925625, 0.156548925306028, -0.518400711085893, -0.254429443283578, -0.710566591654876, 1.1340689098277, -1.32764634400109, -0.574196064646009, -1.23340660992318, -0.72377853925313, 1.0137550358437, 0.849051396321465, 0.505586865440942],
  "zE": [-0.507142619949655, -0.576703016062835, 0.748653297884951, 1.73475217369288, 1.16612544836495, 0.867795215587656, -0.567655281442836, 0.145895905136068, -1.28721072104597, -0.803279598301133, -0.460406657038968, -1.58432176177273, -0.417788940757844, -0.0457292790776423, 1.28985208761211, 0.708705350764249, 0.0698386725190057, 0.393865055297945, 0.334490578970489, 0.0123724008975226],
  "muA": -2.06951362089742,
  "muS": -2.00472655975821,
  "muE": 0.444005641363537,
  "sigmaA": 0.0207865590356647,
  "sigmaS": 0.349351821292373,
  "sigmaE": 0.0586520038351583,
  "kappa": [-2.51416851114482, -1.78972979821265, -1.14070780389011, 2.18405172368512]
}
